{
  "prompt_v1_scores": {
    "faithfulness": 0.9506666666666667,
    "answer_relevancy": 0.8805638781382928,
    "context_recall": 1.0,
    "context_precision": 0.9649999999160832
  },
  "prompt_v2_scores": {
    "faithfulness": 0.8024617604617607,
    "answer_relevancy": 0.883242906872437,
    "context_recall": 1.0,
    "context_precision": 0.9633333332506666
  },
  "best_faithfulness": 0.9506666666666667,
  "target_met": true
}